<?xml version="1.0" encoding="UTF-8"?>
<con:soapui-project id="8c1bc7c5-16a0-432a-a497-89258fd6e607" activeEnvironment="Default" name="Universities_REST_API" resourceRoot="${projectDir}" soapui-version="5.7.1" abortOnError="false" runType="SEQUENTIAL" xmlns:con="http://eviware.com/soapui/config"><con:settings/><con:interface xsi:type="con:RestService" id="ab4570bd-7420-4a20-b9e7-bbbb055266e6" wadlVersion="http://wadl.dev.java.net/2009/02" name="http://universities.hipolabs.com" type="rest" xmlns:xsi="http://www.w3.org/2001/XMLSchema-instance"><con:settings/><con:definitionCache type="TEXT" rootPart=""/><con:endpoints><con:endpoint>http://universities.hipolabs.com</con:endpoint></con:endpoints><con:resource name="SearchUniversities" path="/search" id="70dd6c18-df21-40cc-bd46-81ca478b7626"><con:settings/><con:parameters><con:parameter><con:name>country</con:name><con:value>India</con:value><con:style>QUERY</con:style><con:default>India</con:default><con:path xsi:nil="true"/><con:description xsi:nil="true"/></con:parameter></con:parameters><con:method name="SearchTemplate" id="5658d5c1-edc5-46b3-b80a-b18e25d58362" method="GET"><con:settings/><con:parameters/><con:representation type="RESPONSE"><con:mediaType>application/json</con:mediaType><con:status>200</con:status><con:params/><con:element>Response</con:element></con:representation><con:request name="SearchReq" id="688f60bf-728b-4cad-8b2a-c467a40100be" mediaType="application/json"><con:settings><con:setting id="com.eviware.soapui.impl.wsdl.WsdlRequest@request-headers">&lt;xml-fragment/></con:setting></con:settings><con:endpoint>http://universities.hipolabs.com</con:endpoint><con:request/><con:originalUri>http://universities.hipolabs.com/search</con:originalUri><con:credentials><con:authType>No Authorization</con:authType></con:credentials><con:jmsConfig JMSDeliveryMode="PERSISTENT"/><con:jmsPropertyConfig/><con:parameters><entry key="country" value="India" xmlns="http://eviware.com/soapui/config"/></con:parameters><con:parameterOrder><con:entry>country</con:entry></con:parameterOrder></con:request></con:method></con:resource></con:interface><con:testSuite id="a880a760-5777-4d00-81a5-b1395c4074be" name="TestSuite_Universities"><con:settings/><con:runType>SEQUENTIAL</con:runType><con:testCase id="fb67ee14-666e-448e-924c-5fba55b0b40b" failOnError="true" failTestCaseOnErrors="true" keepSession="false" maxResults="0" name="UniversitiesTest" searchProperties="true"><con:settings/><con:testStep type="restrequest" name="SearchTest" id="a5227536-3bc6-45aa-9d86-b96fe7b76ef2"><con:settings/><con:config service="http://universities.hipolabs.com" resourcePath="/search" methodName="SearchTemplate" xsi:type="con:RestRequestStep" xmlns:xsi="http://www.w3.org/2001/XMLSchema-instance"><con:restRequest name="SearchTest" id="688f60bf-728b-4cad-8b2a-c467a40100be" mediaType="application/json"><con:settings><con:setting id="com.eviware.soapui.impl.wsdl.WsdlRequest@request-headers">&lt;xml-fragment/></con:setting></con:settings><con:endpoint>http://universities.hipolabs.com</con:endpoint><con:request/><con:originalUri>http://universities.hipolabs.com/search</con:originalUri><con:assertion type="Valid HTTP Status Codes" id="d49b5782-e6e0-4a4a-8af4-42fc239d2707" name="Valid HTTP Status Codes"><con:configuration><codes>200</codes></con:configuration></con:assertion><con:assertion type="Response SLA Assertion" id="52fb56df-f110-42a1-b3bb-218ac744ce7b" name="Response SLA"><con:configuration><SLA>2000</SLA></con:configuration></con:assertion><con:assertion type="Simple Contains" id="0f1419a5-3037-4325-943f-db6784dc3e41" name="Contains"><con:configuration><token>Delhi</token><ignoreCase>false</ignoreCase><useRegEx>false</useRegEx></con:configuration></con:assertion><con:assertion type="JsonPath Match" id="8e4351f3-89cf-4d68-b5e5-4a290fb74d9a" name="JsonPath Match"><con:configuration><path>[395].name</path><content>IIT Bhubaneswar</content><allowWildcards>false</allowWildcards><ignoreNamspaceDifferences>false</ignoreNamspaceDifferences><ignoreComments>false</ignoreComments></con:configuration></con:assertion><con:credentials><con:authType>No Authorization</con:authType></con:credentials><con:jmsConfig JMSDeliveryMode="PERSISTENT"/><con:jmsPropertyConfig/><con:parameters><entry key="country" value="India" xmlns="http://eviware.com/soapui/config"/></con:parameters><con:parameterOrder><con:entry>country</con:entry></con:parameterOrder></con:restRequest></con:config></con:testStep><con:properties/></con:testCase><con:properties/></con:testSuite><con:properties/><con:wssContainer/><con:oAuth2ProfileContainer/><con:oAuth1ProfileContainer/></con:soapui-project>